year,title,doi,type,authors,journal,number,total.citations,cid,pubid,ImpactFactor,CiteScore,jcrRankCat,jcrRank,csRankCat,csRank,url,rg,arxiv,psyarxiv,data,code,journalShort,first,country
2024,Lion City Soundscapes: Modified Partitioning Around Medoids for A Perceptually Diverse Dataset of Singaporean Soundscapes,10.1121/10.0025830,Article,"K Ooi, J Goh, HW Lin, ZT Ong, T Wong, KN Watcharasupat, B Lam, ...",jasa express letters,4 (4),0,NA,CHSYGLWDkRkC,1,NA,Acoust,20/40,,,NA,https://www.researchgate.net/publication/380103472_Lion_city_soundscapes_Modified_partitioning_around_medoids_for_a_perceptually_diverse_dataset_of_Singaporean_soundscapesa,NA,NA,https://doi.org/10.21979/N9/AVHSBX,https://github.com/ntudsp/lion-city-soundscapes,JASA Express Lett,0,
2024,Validating Thai Translations of Perceptual Soundscape Attributes: A Non-Procrustean Approach with A Procrustes Projection,10.1016/j.apacoust.2024.109999,Article,"KN Watcharasupat, K Ooi, B Lam, ZT Ong, S Jaratjarungkiat, WS Gan",applied acoustics,"221, 109999",0,NA,NhqRSupF_l8C,3.4,6.4,Acoust,Jul-31,Acoust Ultrason,Jun-41,NA,NA,NA,NA,NA,NA,Appl Acoust,0,
2024,Blind Veering Correction with Spatial Audio Cues: Experimental Validation with A Simulated Traffic Crossing,10.17605/OSF.IO/MJQVE,Registrations,"B Lam, OZ Ting, SL Wong, WS Gan, S Ponapalam",osf,,0,NA,xtRiw3GOFMkC,NA,NA,NA,NA,NA,NA,NA,NA,NA,NA,NA,NA,OSF,1,
2024,Blind Veering Correction with Spatial Audio Cues: An Initial Experimental Investigation in A Seated Context,10.17605/OSF.IO/7GDY8,Registrations,"B Lam, OZ Ting, SL Wong, WS Gan, S Ponapalam",osf,,0,NA,abG-DnoFyZgC,NA,NA,NA,NA,NA,NA,NA,NA,NA,NA,NA,NA,OSF,1,
2023,Mov-Modified-Fxlms Algorithm with Variable Penalty Factor in A Practical Power Output Constrained Active Control System,10.1109/LSP.2023.3286808,Article,"CK Lai, D Shi, B Lam, WS Gan",ieee signal processing letters,,11,7199893902350398245,yD5IFk8b50cC,3.9,6.2,Electr Electron Eng,100/275,Appl Math,54/609,NA,NA,https://doi.org/10.48550/arXiv.2306.09535,NA,NA,NA,IEEE Signal Proc Lett,0,
2023,A Frequency-Domain Output-Constrained Active Noise Control Algorithm Based on An Intuitive Circulant Convolutional Penalty Factor,10.1109/TASLP.2023.3260702,Article,"D Shi, WS Gan, B Lam, X Shen","ieee/acm transactions on audio, speech, and language processing","31, 1318-1332",12,1670277203235416740,4OULZ7Gr8RgC,5.4,10.1,Acoust,Mar-31,Comput Math,5/172,NA,https://www.researchgate.net/publication/369725736_A_Frequency-Domain_Output-Constrained_Active_Noise_Control_Algorithm_Based_on_an_Intuitive_Circulant_Convolutional_Penalty_Factor,NA,NA,NA,NA,IEEE T Acoust Speech,0,
2023,Multichannel Two-Gradient Direction Filtered Reference Least Mean Square Algorithm for Output-Constrained Multichannel Active Noise Control,10.1016/j.sigpro.2023.108938,Article,"D Shi, B Lam, X Shen, WS Gan",signal processing,"207, 108938",20,459517542332832699,HoB7MX3m0LUC,4.4,9.1,Electr Electron Eng,84/275,Control Syst Eng,34/286,NA,https://www.researchgate.net/publication/367243150_Multichannel_Two-gradient_Direction_Filtered_Reference_Least_Mean_Square_Algorithm_for_Output-constrained_Multichannel_Active_Noise_Control,NA,NA,NA,NA,Signal Process,0,
2023,Transferable Latent of Cnn-Based Selective Fixed-Filter Active Noise Control,10.1109/TASLP.2023.3261757,Article,"D Shi, WS Gan, B Lam, Z Luo, X Shen","ieee/acm transactions on audio, speech, and language processing",,25,824082129903198669,fPk4N6BV_jEC,5.4,10.1,Acoust,Mar-31,Comput Math,5/172,NA,https://www.researchgate.net/publication/371225782_Transferable_Latent_of_CNN-based_Selective_Fixed-filter_Active_Noise_Control,NA,NA,NA,NA,IEEE T Acoust Speech,0,
2023,Anti-Noise Window: Subjective Perception of Active Noise Reduction And Effect of Informational Masking,10.1016/j.scs.2023.104763,Article,"B Lam, KCQ Lim, K Ooi, ZT Ong, D Shi, WS Gan",sustainable cities and society,"97, 104763",11,7037153103242868041,a0OBvERweLwC,11.7,18.4,Constr Build Technol,Jan-68,Civ Struct Eng,2/350,NA,NA,https://doi.org/10.48550/arXiv.2307.05533,NA,https://doi.org/10.21979/N9/SEGEFM,https://github.com/ntudsp/SPANR,Sustain Cities Soc,1,
2023,Computation-Efficient Solution for Fully-Connected Active Noise Control Window: Analysis And Implementation of Multichannel Adjoint Least Mean Square Algorithm,10.1016/j.ymssp.2023.110444,Article,"D Shi, B Lam, J Ji, X Shen, CK Lai, WS Gan",mechanical systems and signal processing,"199, 110444",19,6393578533359157139,dfsIfKJdRG4C,8.4,15.2,Mech Eng,5/135,Aerosp Eng,2/137,NA,NA,NA,NA,NA,https://www.mathworks.com/matlabcentral/fileexchange/127554-multichannel-adjoint-lms-algorithm-for-multichannel-anc,Mech Syst Signal Pr,0,
2023,Crossing the Linguistic Causeway: Ethnonational Differences on Soundscape Attributes in Bahasa Melayu,10.1016/j.apacoust.2023.109675,Article,"B Lam, J Chieng, K Ooi, ZT Ong, KN Watcharasupat, JY Hong, WS Gan",applied acoustics,"214, 109675",2,15738548838611662617,D03iK_w7-QYC,3.4,6.4,Acoust,Jul-31,Acoust Ultrason,Jun-41,NA,NA,https://doi.org/10.48550/arXiv.2307.03647,NA,https://doi.org/10.21979/N9/9AZ21T,https://github.com/ntudsp/satp-zsm-stage2,Appl Acoust,1,
2023,Araus: A Large-Scale Dataset And Baseline Models of Affective Responses to Augmented Urban Soundscapes,10.1109/TAFFC.2023.3247914,Article,"K Ooi, ZT Ong, KN Watcharasupat, B Lam, JY Hong, WS Gan",ieee transactions on affective computing,,13,15624351233358558849,pqnbT2bcN3wC,11.2,16.3,Comput Sci Artif Intell ,10/145,Softw,23/404,NA,https://www.researchgate.net/publication/368727300_ARAUS_A_Large-Scale_Dataset_and_Baseline_Models_of_Affective_Responses_to_Augmented_Urban_Soundscapes,https://doi.org/10.48550/arXiv.2207.01078,NA,https://doi.org/10.21979/N9/9OTEVX,https://github.com/ntudsp/araus-dataset-baseline-models,IEEE T Affect Comput,0,
2023,Active Noise Control in The New Century: The Role And Prospect of Signal Processing,10.3397/IN_2023_0730,Proceedings Paper,"D Shi, B Lam, WS Gan, J Cheer, SJ Elliott",inter-noise and noise-con congress and conference proceedings,"268 (3), 5141-5151",14,4091126509688715509,cFHS6HbyZ2cC,NA,NA,NA,NA,NA,NA,NA,NA,https://doi.org/10.48550/arXiv.2306.01425,NA,NA,NA,arXiv,0,"Chiba, Japan"
2023,Real-Time Modelling of Observation Filter in The Remote Microphone Technique for An Active Noise Control Application,10.1109/ICASSP49357.2023.10095752,Proceedings Paper,"CK Lai, B Lam, D Shi, WS Gan",icassp,"2023-2023 IEEE International Conference on Acoustics, Speech and …",6,15001955898969798407,u_35RYKgDlwC,NA,NA,NA,NA,NA,NA,NA,https://www.researchgate.net/publication/369449718_Real-time_modelling_of_observation_filter_in_the_Remote_Microphone_Technique_for_an_Active_Noise_Control_application,https://doi.org/10.48550/arXiv.2303.12517,NA,NA,NA,ICASSP 2023 - 2023 IEEE Int Conf Acoust Speech Signal Process,0,Singapore
2022,Deployment of An Iot System for Adaptive In-Situ Soundscape Augmentation,10.3397/IN_2022_0290,Proceedings Paper,"T Wong, K N Watcharasupat, B Lam, K Ooi, ZT Ong, F Andi Karnapi, ...",inter-noise and noise-con congress and conference proceedings,"265 (5), 2013-2021",5,14964398466420106575,vV6vV6tmYwMC,NA,NA,NA,NA,NA,NA,NA,https://www.researchgate.net/publication/360255877_Deployment_of_an_IoT_System_for_Adaptive_In-Situ_Soundscape_Augmentation,https://doi.org/10.48550/arXiv.2204.13890,NA,NA,NA,"INTERNOISE NOISE-CON Congr Conf Proceedings, InterNoise22",0,"Glasgow, UK"
2023,Preliminary Results of The Soundscape Attributes Translation Project (Satp): Lessons Learned And Next Steps,10.61782/fa.2023.0095,Proceedings Paper,"F Aletta, T Oberman, A Mitchell, J Kang, S Consortium",proc. forum acusticum,,5,12019718583582387570,b0M2c_1WBrUC,NA,NA,NA,NA,NA,NA,NA,https://www.researchgate.net/publication/373946697_Preliminary_results_of_the_Soundscape_Attributes_Translation_Project_SATP_lessons_learned_and_next_steps,NA,NA,NA,NA,Proc. Forum Acusticum,0,"Torino, Italy"
2023,Autonomous Soundscape Augmentation with Multimodal Fusion of Visual And Participant-Linked Inputs,10.1109/ICASSP49357.2023.10094866,Proceedings Paper,"K Ooi, KN Watcharasupat, B Lam, ZT Ong, WS Gan",icassp,"2023-2023 IEEE International Conference on Acoustics, Speech and …",4,194352797595371998,rO6llkc54NcC,NA,NA,NA,NA,NA,NA,NA,https://www.researchgate.net/publication/369266154_Autonomous_Soundscape_Augmentation_with_Multimodal_Fusion_of_Visual_and_Participant-linked_Inputs,https://doi.org/10.48550/arXiv.2303.08342,NA,NA,NA,ICASSP 2023 - 2023 IEEE Int Conf Acoust Speech Signal Process,0,Singapore
2023,Arausv2: An Expanded Dataset And Multimodal Models of Affective Responses to Augmented Urban Soundscapes,10.3397/IN_2023_0459,Proceedings Paper,"K Ooi, ZT Ong, B Lam, T Wong, WS Gan, KN Watcharasupat",inter-noise and noise-con congress and conference proceedings,"268 (5), 3183-3194",0,NA,_xSYboBqXhAC,NA,NA,NA,NA,NA,NA,NA,NA,NA,NA,https://doi.org/10.21979/N9/9OTEVX,https://github.com/ntudsp/araus-dataset-baseline-models,"INTERNOISE NOISE-CON Congr Conf Proceedings, InterNoise23",0,"Chiba, Japan"
2023,Effect of Masker Selection Schemes on The Perceived Affective Quality of Soundscapes: A Pilot Study,10.3397/IN_2023_0791,Proceedings Paper,"ZT Ong, K Ooi, B Lam, T Wong, WS Gan, KN Watcharasupat",inter-noise and noise-con congress and conference proceedings,"268 (3), 5575-5585",0,NA,bFI3QPDXJZMC,NA,NA,NA,NA,NA,NA,NA,NA,NA,NA,https://researchdata.ntu.edu.sg/dataset.xhtml?persistentId=doi:10.21979/N9/K1P3IL,NA,"INTERNOISE NOISE-CON Congr Conf Proceedings, InterNoise23",0,"Chiba, Japan"
2023,Preliminary Investigation of The Short-Term in Situ Performance of An Automatic Masker Selection System,10.3397/IN_2023_0805,Proceedings Paper,"B Lam, ZT Ong, K Ooi, WH Ong, T Wong, WS Gan, KN Watcharasupat",inter-noise and noise-con congress and conference proceedings,"268 (3), 5657-5664",0,NA,pyW8ca7W8N0C,NA,NA,NA,NA,NA,NA,NA,NA,https://doi.org/10.48550/arXiv.2308.07767,NA,NA,NA,"INTERNOISE NOISE-CON Congr Conf Proceedings, InterNoise23",1,"Chiba, Japan"
2022,Robust Estimation of Open Aperture Active Control Systems Using Virtual Sensing,10.3397/IN_2022_0483,Proceedings Paper,"CK Lai, JS Tey, D Shi, WS Gan",inter-noise and noise-con congress and conference proceedings,"265 (4), 3397-3407",8,212757704329486020,3s1wT3WcHBgC,NA,NA,NA,NA,NA,NA,NA,https://www.researchgate.net/publication/363658389_Robust_estimation_of_open_aperture_active_control_systems_using_virtual_sensing,NA,NA,NA,NA,"INTERNOISE NOISE-CON Congr  Conf Proceedings, InterNoise22",0,"Glasgow, UK"
2023,Active control of urban noise for acoustic comfort: subjective characterisation and evaluation of control parameters,10.17605/OSF.IO/TY742,Registrations,"B Lam, CK Lai, S Chan, K Ooi, ZT Ong, D Shi, WS Gan",osf,,0,NA,NA,NA,NA,NA,NA,NA,NA,NA,NA,NA,NA,NA,NA,OSF,1,
2022,Selective Fixed-Filter Active Noise Control Based on Convolutional Neural Network,10.1016/j.sigpro.2021.108317,Article,"D Shi, B Lam, K Ooi, X Shen, WS Gan",signal processing,"190, 108317",59,17249670984584665619,O3NaXMp0MMsC,4.4,9.1,Electr Electron Eng,84/275,Control Syst Eng,34/286,NA,https://www.researchgate.net/publication/354359563_Selective_Fixed-filter_Active_Noise_Control_Based_on_Convolutional_Neural_Network,NA,NA,NA,NA,Signal Process,0,
2022,Autonomous In-Situ Soundscape Augmentation Via Joint Selection of Masker And Gain,10.1109/LSP.2022.3194419,Article,"KN Watcharasupat, K Ooi, B Lam, T Wong, ZT Ong, WS Gan",ieee signal processing letters,"29, 1749-1753",8,16726477683838860385,35N4QoGY0k4C,3.9,6.2,Electr Electron Eng,100/275,Appl Math,54/609,NA,NA,https://doi.org/10.48550/arXiv.2204.13883,NA,NA,NA,IEEE Signal Proc Lett,0,
2022,Assessing the Perceived Indoor Acoustic Environment Quality Across Building Occupants in A Tertiary-Care Public Hospital in Singapore,10.1016/j.buildenv.2022.109403,Article,"B Lam, EMP Fan, K Ooi, ZT Ong, JY Hong, WS Gan, SY Ang",building and environment,"222, 109403",11,14828392039676406204,lSLTfruPkqcC,7.4,11.3,Civ Eng,6/139,Civ Struct Eng,17/350,NA,NA,NA,https://psyarxiv.com/tae9j/,https://doi.org/10.21979/N9/YSQNDY,NA,Build Environ,1,
2022,A Multidimensional Assessment of Construction Machinery Noises Based on Perceptual Attributes And Psychoacoustic Parameters,10.1016/j.autcon.2022.104295,Article,"JY Hong, B Lam, ZT Ong, K Ooi, WS Gan, S Lee",automation in construction,"140, 104295",5,7489681498172188109,2P1L_qKh6hAC,10.3,16.7,Civ Eng,2/139,Civ Struct Eng,4/350,https://hdl.handle.net/10356/159243,NA,NA,NA,NA,NA,Automat Constr,0,
2022,Crossing the Linguistic Causeway: A Binational Approach for Translating Soundscape Attributes to Bahasa Melayu,10.1016/j.apacoust.2022.108976,Article,"B Lam, J Chieng, KN Watcharasupat, K Ooi, ZT Ong, JY Hong, WS Gan",applied acoustics,"199, 108976",15,6385445080141644674,ldfaerwXgEUC,3.4,6.4,Acoust,Jul-31,Acoust Ultrason,Jun-41,NA,NA,"
https://doi.org/10.48550/arXiv.2206.03104",NA,https://doi.org/10.21979/N9/0NE37R,https://github.com/ntudsp/satp-zsm-stage1,Appl Acoust,1,
2022,Quantitative Evaluation Approach for Translation of Perceptual Soundscape Attributes: Initial Application to The Thai Language,10.1016/j.apacoust.2022.108962,Article,"KN Watcharasupat, S Jaratjarungkiat, B Lam, S Jitwiriyanont, K Ooi, ...",applied acoustics,"200, 108962",19,17252029043528429591,J_g5lzvAfSwC,3.4,6.4,Acoust,Jul-31,Acoust Ultrason,Jun-41,NA,NA,https://doi.org/10.48550/arXiv.2203.12245,NA,NA,NA,Appl Acoust,0,
2022,Singapore Soundscape Site Selection Survey (S5): Identification of Characteristic Soundscapes of Singapore Via Weighted K-Means Clustering,10.3390/su14127485,Article,"K Ooi, B Lam, JY Hong, KN Watcharasupat, ZT Ong, WS Gan",sustainability,"14 (12), 7485",4,17180215524261383004,M05iB0D1s5AC,3.9,5.8,Environ Stud,48/127,Geogr Plan Dev,101/779,NA,NA,https://doi.org/10.3390/su14127485,NA,https://doi.org/10.21979/N9/BBBPMO,https://github.com/ntudsp/singapore-soundscape-site-selection-survey,Sustainability-Basel,0,
2022,Probably Pleasant? a Neural-Probabilistic Approach to Automatic Masker Selection for Urban Soundscape Augmentation,10.1109/ICASSP43922.2022.9746897,Proceedings Paper,"K Ooi, KN Watcharasupat, B Lam, ZT Ong, WS Gan",icassp,"2022-2022 IEEE International Conference on Acoustics, Speech and …",8,11780286068687084708,RYcK_YlVTxYC,NA,NA,NA,NA,NA,NA,https://hdl.handle.net/10356/158000,NA,NA,NA,https://doi.org/10.21979/N9/YSJQKD,NA,ICASSP 2022 - 2022 IEEE Int Conf Acoust Speech Signal Process,0,Singapore
2022,Assessment of A Cost-Effective Headphone Calibration Procedure for Soundscape Evaluations,NA,Proceedings Paper,"B Lam, K Ooi, ZT Ong, KN Watcharasupat, T Wong, WS Gan",arxiv preprint arxiv:,:2207.12899,6,6948766258718889817,ZHo1McVdvXMC,NA,NA,NA,NA,NA,NA,NA,https://www.researchgate.net/publication/362277034_Assessment_of_a_cost-effective_headphone_calibration_procedure_for_soundscape_evaluations,https://doi.org/10.48550/arXiv.2207.12899,NA, https://doi.org/10.21979/N9/AUE2LL,https://github.com/ntudsp/ica22-calibration,Proc 24th Int Congr Acoust,1,"Gyeongju, South Korea"
2022,Preliminary Assessment of A Cost-Effective Headphone Calibration Procedure for Soundscape Evaluations,NA,Proceedings Paper,"B Lam, K Ooi, KN Watcharasupat, ZT Ong, YT Lau, T Wong, WS Gan",arxiv preprint arxiv:,:2205.04728,3,9057027384195200042,70eg2SAEIzsC,NA,NA,NA,NA,NA,NA,NA,https://www.researchgate.net/publication/369231680_Preliminary_assessment_of_a_cost-effective_headphone_calibration_procedure_for_soundscape_evaluations,https://doi.org/10.48550/arXiv.2205.04728,NA,NA,NA,"Proc 28th Int Congr Sound Vib, ICSV28",1,Singapore
2022,Do Uhear? Validation of Uhear App for Preliminary Screening of Hearing Ability in Soundscape Studies,NA,Proceedings Paper,"ZT Ong, B Lam, K Ooi, KN Watcharasupat, T Wong, WS Gan",arxiv preprint arxiv:,:2207.09221,1,13051606555288165422,SeFeTyx0c_EC,NA,NA,NA,NA,NA,NA,NA,https://www.researchgate.net/publication/362121556_Do_uHear_Validation_of_uHear_App_for_Preliminary_Screening_of_Hearing_Ability_in_Soundscape_Studies,https://doi.org/10.48550/arXiv.2207.09221,NA,"https://doi.org/10.21979/N9/JQDI6F,",NA,Proc 24th Int Congr Acoust,0,"Gyeongju, South Korea"
2022,A Benchmark Comparison of Perceptual Models for Soundscapes on A Large-Scale Augmented Soundscape Dataset,NA,Proceedings Paper,"K Ooi, KN Watcharasupat, B Lam, ZT Ong, WS Gan",,,1,1515130812679007575,zA6iFVUQeVQC,NA,NA,NA,NA,NA,NA,https://hdl.handle.net/10356/164983,https://www.researchgate.net/publication/369233043_A_benchmark_comparison_of_perceptual_models_for_soundscapes_on_a_large-scale_augmented_soundscape_dataset,NA,NA,NA,NA,Proc 24th Int Congr Acoust,0,"Gyeongju, South Korea"
2021,Fast Adaptive Active Noise Control Based on Modified Model-Agnostic Meta-Learning Algorithm,10.1109/LSP.2021.3064756,Article,"D Shi, WS Gan, B Lam, K Ooi",ieee signal processing letters,"28, 593-597",25,13982498320342131552,JV2RwH3_ST0C,3.9,6.2,Electr Electron Eng,100/275,Appl Math,54/609,NA,NA,NA,NA,NA,NA,IEEE Signal Proc Lett,0,
2021,Optimal Output-Constrained Active Noise Control Based on Inverse Adaptive Modeling Leak Factor Estimate,10.1109/TASLP.2021.3065730,Article,"D Shi, WS Gan, B Lam, S Wen, X Shen","ieee/acm transactions on audio, speech, and language processing","29, 1256-1269",38,2107533121862752519,M3NEmzRMIkIC,5.4,10.1,Acoust,Mar-31,Comput Math,5/172,NA,NA,NA,NA,NA,NA,IEEE T Acoust Speech,0,
2021,Ten Questions Concerning Active Noise Control in The Built Environment,10.1016/j.buildenv.2021.107928,Article,"B Lam, WS Gan, DY Shi, M Nishimura, S Elliott",building and environment,"200, 107928",107,3765905662588210249,hMod-77fHWUC,7.4,11.3,Civ Eng,6/139,Civ Struct Eng,17/350,NA,NA,NA,NA,NA,NA,Build Environ,1,
2021,Block Coordinate Descent Based Algorithm for Computational Complexity Reduction in Multichannel Active Noise Control System,10.1016/j.ymssp.2020.107346,Article,"D Shi, B Lam, WS Gan, S Wen",mechanical systems and signal processing,"151, 107346",47,11906403423229185075,r0BpntZqJG4C,8.4,15.2,Mech Eng,5/135,Aerosp Eng,2/137,NA,NA,NA,NA,NA,NA,Mech Syst Signal Pr,0,
2021,Comb-Partitioned Frequency-Domain Constraint Adaptive Algorithm for Active Noise Control,10.1016/j.sigpro.2021.108222,Article,"D Shi, WS Gan, B Lam, X Shen",signal processing,"188, 108222",26,868705025892798361,NMxIlDl6LWMC,4.4,9.1,Electr Electron Eng,84/275,Control Syst Eng,34/286,NA,NA,NA,NA,NA,NA,Signal Process,0,
2021,Automation of Binaural Headphone Audio Calibration on An Artificial Head,10.1016/j.mex.2021.101288,Article,"K Ooi, Y Xie, B Lam, WS Gan",methodsx,"8, 101288",13,13799450529565737737,maZDTaKrznsC,1.9,3.5,,,Med Lab Technol,Dec-34,https://hdl.handle.net/10356/152884,NA,NA,NA,https://doi.org/10.21979/N9/0KYIAU,NA,Methodsx,0,
2021,A Mixed-Reality Approach to Soundscape Assessment of Outdoor Urban Environments Augmented with Natural Sounds,10.1016/j.buildenv.2021.107688,Article,"JY Hong, B Lam, ZT Ong, K Ooi, WS Gan, J Kang, S Yeong, I Lee, ST Tan",building and environment,"194, 107688",37,1544853165854553142,k_IJM867U9cC,7.4,11.3,Civ Eng,6/139,Civ Struct Eng,17/350,https://hdl.handle.net/10356/146637,NA,NA,NA,https://doi.org/10.21979/N9/KE0901,NA,Build Environ,0,
2021,Optimal Penalty Factor for The Mov-Fxlms Algorithm in Active Noise Control System,10.1109/LSP.2021.3126198,Article,"D Shi, WS Gan, B Lam, X Shen",ieee signal processing letters,"29, 85-89",15,4676377923869889543,RGFaLdJalmkC,3.9,6.2,Electr Electron Eng,100/275,Appl Math,54/609,NA,NA,NA,NA,NA,NA,IEEE Signal Proc Lett,0,
2021,Development of A Feedback Interface for In-Situ Soundscape Evaluation,10.3397/IN-2021-2084,Proceedings Paper,"FA Karnapi, B Lam, T Wong, K Ooi, ZT Ong, WS Gan, J Hong, S Yeong",inter-noise and noise-con congress and conference proceedings,"263 (4), 2253-2258",2,8630214701847063118,ns9cj8rnVeAC,NA,NA,NA,NA,NA,NA,NA,https://www.researchgate.net/publication/353581329_Development_of_a_feedback_interface_for_in-situ_soundscape_evaluation,NA,NA,NA,NA,"INTERNOISE NOISE-CON Congr  Conf Proceedings, InterNoise21",0,"Washington, DC, USA"
2021,Assessment of Inter-Ic Sound Microelectromechanical Systems Microphones for Soundscape Reporting,10.3397/IN-2021-2086,Proceedings Paper,"T Wong, B Lam, FA Karnapi, K Ooi, WS Gan",inter-noise and noise-con congress and conference proceedings,"263 (4), 2259-2269",0,NA,GnPB-g6toBAC,NA,NA,NA,NA,NA,NA,NA,https://www.researchgate.net/publication/353581429_Assessment_of_inter-IC_sound_microelectromechanical_systems_microphones_for_soundscape_reporting,NA,NA,NA,NA,"INTERNOISE NOISE-CON Congr  Conf Proceedings, InterNoise21",0,"Washington, DC, USA"
2021,Perceptual Assessment of Operation Noises of Equipment on Construction Sites,NA,Proceedings Paper,"JY Hong, B Lam, ZT Ong, K Ooi, WS Gan, SC Lee",euronoise,,0,NA,NaGl4SEjCO4C,NA,NA,NA,NA,NA,NA,NA,https://www.researchgate.net/publication/359310096_Perceptual_assessment_of_operation_noises_of_equipment_on_construction_sites,NA,NA,NA,NA,Euronoise 2021,0,"Madeira, Portugal"
2021,A scoping review of soundscape augmentation techniques,10.17605/OSF.IO/MEHT6,Registrations,"K Ooi, B Lam, KN Watcharasupat, WS Gan, JY Hong, J Kang",osf,,0,NA,NA,NA,NA,NA,NA,NA,NA,NA,NA,NA,NA,NA,NA,OSF,0,
2021,Active control of airborne noise from heavy and auxiliary equipment in construction: A scoping review,10.17605/OSF.IO/8D5AM,Registrations,"B Lam, D Shi, DH Nguyen",osf,,0,NA,YFjsv_pBGBYC,NA,NA,NA,NA,NA,NA,NA,NA,NA,NA,NA,NA,OSF,1,
2020,Feedforward Selective Fixed-Filter Active Noise Control: Algorithm And Implementation,10.1109/TASLP.2020.2989582,Article,"D Shi, WS Gan, B Lam, S Wen","ieee/acm transactions on audio, speech, and language processing","28, 1479-1492",74,4111666544962152096,TQgYirikUcIC,5.4,10.1,Acoust,Mar-31,Comput Math,5/172,NA,NA,NA,NA,NA,NA,IEEE T Acoust Speech,0,
2020,Feedforward Multichannel Virtual-Sensing Active Control of Noise Through an Aperture: Analysis on Causality And Sensor-Actuator Constraints,10.1121/10.0000515,Article,"D Shi, WS Gan, B Lam, R Hasegawa, Y Kajikawa",the journal of the acoustical society of america,"147 (1), 32-48",37,18021080133173251006,#NAME?,2.4,4.4,Acoust,Dec-31,Acoust Ultrason,Nov-41,NA,NA,NA,NA,NA,NA,J Acoust Soc Am,0,
2020,Active Control of Low-Frequency Noise Through a Single Top-Hung Window in A Full-Sized Room,10.3390/app10196817,Article,"B Lam, D Shi, V Belyi, S Wen, WS Gan, K Li, I Lee",applied sciences,"10 (19), 6817",25,3833380937988354700,4JMBOYKVnBMC,2.7,2.5,Multidiscip Eng,42/90,Gen Eng,73/302,https://hdl.handle.net/10356/146185,NA,NA,NA,NA,NA,Appl Sci-Basel,1,
2020,Active Control of Broadband Sound Through the Open Aperture of A Full-Sized Domestic Window,10.1038/s41598-020-66563-z,Article,"B Lam, D Shi, WS Gan, SJ Elliott, M Nishimura",scientific reports,"10 (1), 1-7",71,9335992226148198507,R3hNpaxXUhUC,4.6,7.5,Multidiscip Sci,22/73,Multidiscip,11/134,https://hdl.handle.net/10356/146090,NA,NA,NA,NA,NA,Sci Rep-UK,1,
2020,"Quality Assessment of Acoustic Environment Reproduction Methods for Cinematic Virtual Reality in Soundscape Applications (Vol 149, Pg 1, 2019)",10.1016/j.buildenv.2020.106830,Article,"JY Hong, B Lam, ZT Ong, K Ooi, WS Gan, J Kang, J Feng, ST Tan",building and environment,176,0,NA,e5wmG9Sq2KIC,7.4,11.3,Civ Eng,6/139,Civ Struct Eng,17/350,NA,NA,NA,NA,NA,NA,Build Environ,0,
2020,Effects of Contexts in Urban Residential Areas on The Pleasantness And Appropriateness of Natural Sounds,10.1016/j.scs.2020.102475,Article,"JY Hong, B Lam, ZT Ong, K Ooi, WS Gan, J Kang, S Yeong, I Lee, ST Tan",sustainable cities and society,"63, 102475",41,9936793238963034162,RHpTSmoSYBkC,11.7,18.4,Constr Build Technol,Jan-68,Civ Struct Eng,2/350,NA,NA,NA,NA,NA,NA,Sustain Cities Soc,0,
2020,The Effects of Spatial Separations Between Water Sound And Traffic Noise Sources on Soundscape Assessment,10.1016/j.buildenv.2019.106423,Article,"JY Hong, B Lam, ZT Ong, K Ooi, WS Gan, J Kang, S Yeong, I Lee, ST Tan",building and environment,"167, 106423",37,5655641523359710845,L8Ckcad2t8MC,7.4,11.3,Civ Eng,6/139,Civ Struct Eng,17/350,NA,https://www.researchgate.net/publication/336062298_The_effects_of_spatial_separations_between_water_sound_and_traffic_noise_sources_on_soundscape_assessment,NA,NA,NA,NA,Build Environ,0,
2020,Effects of Adding Natural Sounds to Urban Noises on The Perceived Loudness of Noise And Soundscape Quality,10.1016/j.scitotenv.2019.134571,Article,"JY Hong, ZT Ong, B Lam, K Ooi, WS Gan, J Kang, J Feng, ST Tan",science of the total environment,"711, 134571",88,11389819012201414312,ZeXyd9-uunAC,9.8,16.8,Environ Sci,26/274,Environ Eng,8/184,https://europepmc.org/article/med/32000311,NA,NA,NA,NA,NA,Sci Total Environ,0,
2020,"Corrigendum To"" Quality Assessment of Acoustic Environment Reproduction Methods for Cinematic Virtual Reality in Soundscape Applications""[Build. Environ. 149 (2019) 1-14]",10.1016/j.buildenv.2020.106830,Correction,"JY Hong, B Lam, ZT Ong, K Ooi, WS Gan, J Kang, J Feng, ST Tan",building and environment,"176, 106830",0,NA,mB3voiENLucC,7.4,11.3,Civ Eng,6/139,Civ Struct Eng,17/350,NA,NA,NA,NA,NA,NA,Build Environ,0,
2020,Multichannel Active Noise Control with Spatial Derivative Constraints to Enlarge the Quiet Zone,10.1109/icassp40776.2020.9053978,Proceedings Paper,"D Shi, B Lam, S Wen, WS Gan",icassp,"2020-2020 IEEE International Conference on Acoustics, Speech and …",19,3913151712569256018,HDshCWvjkbEC,NA,NA,NA,NA,NA,NA,NA,NA,NA,NA,NA,NA,ICASSP 2020 - 2020 IEEE Int Conf. Acoust Speech Signal Process,0,"Barcelona, Spain"
2020,Soundscape Assessment: Towards a Validated Translation of Perceptual Attributes in Different Languages,NA,Proceedings Paper,"F Aletta, T Oberman, Ö Axelsson, H Xie, Y Zhang, SK Lau, SK Tang, ...",inter-noise and noise-con congress and conference proceedings,"261 (3), 3137-3146",81,15834423604469688909,blknAaTinKkC,NA,NA,NA,NA,NA,NA,https://www.ingentaconnect.com/content/ince/incecp/2020/00000261/00000003/art00018,NA,NA,NA,NA,NA,"INTERNOISE NOISE-CON Congr  Conf Proceedings, InterNoise20",0,"Seoul, South Korea"
2020,Active Noise Control Based on The Momentum Multichannel Normalized Filtered-X Least Mean Square Algorithm,NA,Proceedings Paper,"D Shi, WS Gan, B Lam, S Wen, X Shen",inter-noise and noise-con congress and conference proceedings,"261 (6), 709-719",22,5919638732480619576,bEWYMUwI8FkC,NA,NA,NA,NA,NA,NA,https://www.ingentaconnect.com/content/ince/incecp/2020/00000261/00000006/art00085,NA,NA,NA,NA,NA,"INTERNOISE NOISE-CON Congr  Conf Proceedings, InterNoise20",0,"Seoul, South Korea"
2020,A Deep Learning Approach for Modelling Perceptual Attributes of Soundscapes,NA,Proceedings Paper,"K Ooi, J Hong, B Lam, ZT Ong, WS Gan",inter-noise and noise-con congress and conference proceedings,"261 (3), 3580-3589",3,17993325968853625449,j3f4tGmQtD8C,NA,NA,NA,NA,NA,NA,https://www.ingentaconnect.com/contentone/ince/incecp/2020/00000261/00000003/art00064,https://www.researchgate.net/publication/344609366_A_deep_learning_approach_for_modelling_perceptual_attributes_of_soundscapes,NA,NA,NA,NA,"INTERNOISE NOISE-CON Congr  Conf Proceedings, InterNoise20",0,"Seoul, South Korea"
2020,"Virtual, Augmented And Mixed Reality Tools in Soundscape Evaluation And Design",NA,Proceedings Paper,"B Lam, YX Tan, J Heng, JY Hong, ZT Ong, WS Gan","inter-noise and noise-con congress and conference proceedings, internoise",e20 …,1,7827126559819319785,_Qo2XoVZTnwC,NA,NA,NA,NA,NA,NA,https://www.ingentaconnect.com/contentone/ince/incecp/2020/00000261/00000003/art00027,https://www.researchgate.net/publication/343150785_Virtual_augmented_and_mixed_reality_tools_in_soundscape_evaluation_and_design,NA,NA,NA,NA,"INTERNOISE NOISE-CON Congr  Conf Proceedings, InterNoise20",1,"Seoul, South Korea"
2020,Multichannel Active Noise Control Based on Momentum Multichannel Normalized Filtered-X Least Mean Square Algorithm,NA,Proceedings Paper,"D Shi, WS Gan, B Lam, S Wen, X Shen","inter-noise and noise-con congress and conference proceedings, internoise",e20 …,0,NA,iH-uZ7U-co4C,NA,NA,NA,NA,NA,NA,NA,https://www.researchgate.net/publication/346035786_Multichannel_Active_Noise_Control_based_on_Momentum_Multichannel_Normalized_Filtered-x_Least_Mean_Square_Algorithm,NA,NA,NA,NA,"INTERNOISE NOISE-CON Congr  Conf Proceedings, InterNoise20",0,"Seoul, South Korea"
2019,Exploiting the Underdetermined System in Multichannel Active Noise Control for Open Windows,10.3390/app9030390,Article,"J He, B Lam, D Shi, WS Gan",applied sciences,"9 (3), 390",19,5235521817836651770,qxL8FJ1GzNcC,2.7,2.5,Multidiscip Eng,42/90,Gen Eng,73/302,NA,NA,NA,NA,NA,NA,Appl Sci-Basel,0,
2019,Two-Gradient Direction Fxlms: An Adaptive Active Noise Control Algorithm with Output Constraint,10.1016/j.ymssp.2018.06.062,Article,"DY Shi, WS Gan, B Lam, C Shi",mechanical systems and signal processing,"116, 651-667",61,15946597175520248462,Wp0gIr-vW9MC,8.4,15.2,Mech Eng,5/135,Aerosp Eng,2/137,https://hdl.handle.net/10356/107561,https://www.researchgate.net/publication/326588022_Two-gradient_direction_FXLMS_An_adaptive_active_noise_control_algorithm_with_output_constraint?_sg%5B0%5D=xlPp3kOSRODpRvQ3ShyaGF_o4q8ARXhReNs_E2jBZ5Wxos4iWdH8FCqWZO20yTF4zBzmZG_jxZjklhhgXvrTYUCXUYEOShi6ZMFdFWB_.z6RL0AWuVe-8MPgozgW3UNis00_VFfgZ0Dud5nY_J6aoXkfnm2vxEG-OmjxPmPQ6H9GTRXjvY0EBqnXN62i84g,NA,NA,NA,NA,Mech Syst Signal Pr,0,
2019,Optimal Leak Factor Selection for The Output-Constrained Leaky Filtered-Input Least Mean Square Algorithm,10.1109/LSP.2019.2903908,Article,"D Shi, B Lam, WS Gan, S Wen",ieee signal processing letters,"26 (5), 670-674",27,4590905128154680816,M3ejUd6NZC8C,3.9,6.2,Electr Electron Eng,100/275,Appl Math,54/609,NA,NA,NA,NA,NA,NA,IEEE Signal Proc Lett,0,
2019,Quality Assessment of Acoustic Environment Reproduction Methods for Cinematic Virtual Reality in Soundscape Applications,10.1016/j.buildenv.2018.12.004,Article,"JY Hong, B Lam, ZT Ong, K Ooi, WS Gan, J Kang, J Feng, ST Tan",building and environment,"149, 1-14",119,2623234777903096448,YOwf2qJgpHMC,7.4,11.3,Civ Eng,6/139,Civ Struct Eng,17/350,https://hdl.handle.net/10356/88359,https://www.researchgate.net/publication/329460720_Quality_assessment_of_acoustic_environment_reproduction_methods_for_cinematic_virtual_reality_in_soundscape_applications,NA,NA,NA,NA,Build Environ,0,
2019,Practical Implementation of Multichannel Filtered-X Least Mean Square Algorithm Based on The Multiple-Parallel-Branch with Folding Architecture for Large-Scale Active Noise Control,10.1109/TVLSI.2019.2956524,Article,"D Shi, WS Gan, J He, B Lam",ieee transactions on very large scale integration (vlsi) systems,"28 (4), 940-953",62,4572325104005594906,hC7cP41nSMkC,2.8,6.9,Electr Electron Eng,137/275,Electr Electron Eng,145/738,NA,https://www.researchgate.net/publication/338056961_Practical_Implementation_of_Multichannel_Filtered-x_Least_Mean_Square_Algorithm_Based_on_the_Multiple-Parallel-Branch_With_Folding_Architecture_for_Large-Scale_Active_Noise_Control,NA,NA,NA,NA,IEEE T VLSI Syst,0,
2019,Analysis of Multichannel Virtual Sensing Active Noise Control to Overcome Spatial Correlation And Causality Constraints,10.1109/ICASSP.2019.8682344,Proceedings Paper,"D Shi, B Lam, W Gan",icassp,"2019-2019 IEEE International Conference on Acoustics, Speech and …",22,6603603567818543592,4DMP91E08xMC,NA,NA,NA,NA,NA,NA,NA,https://www.researchgate.net/publication/332790607_Analysis_of_Multichannel_Virtual_Sensing_Active_Noise_Control_to_Overcome_Spatial_Correlation_and_Causality_Constraints,NA,NA,NA,NA,ICASSP 2019 - 2019 IEEE Int Conf Acoust Speech Signal Process,0,"Brighton, UK"
2019,Practical Consideration And Implementation for Avoiding Saturation of Large Amplitude Active Noise Control,10.18154/RWTH-CONV-239900,Proceedings Paper,"D Shi, WS Gan, B Lam, S Wen",proceedings of the international congress on acoustics,6905-6912,12,7973839405106958819,7PzlFSSx8tAC,NA,NA,NA,NA,NA,NA,NA,NA,NA,NA,NA,NA,Proc 23rd Int Congr Acoust,0,"Aachen, Germany"
2019,Evaluation of Preferred Levels of Natural Sounds In-Situ Environment Through an Augmented Reality Device,10.18154/RWTH-CONV-239578,Proceedings Paper,"B Lam, J Hong, ZT Ong, K Ooi, WS Gan, S Jeong, I Lee, TT Tan",universitätsbibliothek der rwth aachen,,3,10361152831945349096,isC4tDSrTZIC,NA,NA,NA,NA,NA,NA,NA,NA,NA,NA,NA,NA,Proc 23rd Int Congr Acoust,1,"Aachen, Germany"
2019,Influence of Parametrically-Decoded First-Order Ambisonics Reproduction in Cinematic Virtual-Reality-Based Soundscape Evaluation,NA,Proceedings Paper,"B Lam, JY Hong, ZT Ong, WS Gan, J Kang, J Feng, ST Tan",inter-noise and noise-con congress and conference proceedings,"259 (2), 7592-7603",2,18218890730767289958,QIV2ME_5wuYC,NA,NA,NA,NA,NA,NA,https://www.ingentaconnect.com/content/ince/incecp/2019/00000259/00000002/art00068,https://www.researchgate.net/publication/333984865_Influence_of_Parametrically-decoded_First-order_Ambisonics_Reproduction_in_Cinematic_Virtual-Reality-based_Soundscape_Evaluation,NA,NA,NA,NA,"INTERNOISE NOISE-CON Congr  Conf Proceedings, InterNoise19",1,"Madrid, Spain"
2020,Effect of Spatial Separation Between Traffic Noise And Water Sound on Soundscape Assessment,NA,Proceedings Paper,"JY Hong, B Lam, ZT Ong, WS Gan, J Fen, ST Tan",inter-noise and noise-con congress and conference proceedings,"259 (4), 5250-5255",2,15662165086579544749,mVmsd5A6BfQC,NA,NA,NA,NA,NA,NA,https://www.ingentaconnect.com/content/ince/incecp/2019/00000259/00000004/art00028,https://www.researchgate.net/publication/334963168_Effect_of_spatial_separation_between_traffic_noise_and_water_sound_on_soundscape_assessment,NA,NA,NA,NA,"INTERNOISE NOISE-CON Congr  Conf Proceedings, InterNoise20",0,"Seoul, South Korea"
2019,Active Control of Noise Through Open Windows,NA,Thesis,B Lam,"ph. d. thesis, school of electrical and electronic engineering, nanyang …",,6,3785425831642185721,4TOpqqG69KYC,NA,NA,NA,NA,NA,NA,https://hdl.handle.net/10356/104824,NA,NA,NA,NA,NA,Thesis,1,
2018,Physical Limits on The Performance of Active Noise Control Through Open Windows,10.1016/j.apacoust.2018.02.024,Article,"B Lam, S Elliott, J Cheer, WS Gan",applied acoustics,"137, 9-17",58,330373141423131658,UeHWp8X0CEIC,3.4,6.4,Acoust,Jul-31,Acoust Ultrason,Jun-41,NA,NA,NA,NA,NA,NA,Appl Acoust,1,
2018,Active Control of Sound Through Full-Sized Open Windows,10.1016/j.buildenv.2018.05.042,Article,"B Lam, C Shi, D Shi, WS Gan",building and environment,"141, 16-27",79,6367890920232721627,ULOm3_A8WrAC,7.4,11.3,Civ Eng,6/139,Civ Struct Eng,17/350,NA,NA,NA,NA,NA,NA,Build Environ,1,
2018,A Wavenumber Approach to Analysing the Active Control of Plane Waves with Arrays of Secondary Sources,10.1016/j.jsv.2018.01.028,Article,"SJ Elliott, J Cheer, B Lam, C Shi, WS Gan",journal of sound and vibration,,49,9889863456209022299,ufrVoPGSRksC,4.7,8.6,Acoust,Apr-31,Acoust Ultrason,Mar-41,https://hdl.handle.net/10356/86078,https://www.researchgate.net/publication/322628127_A_wavenumber_approach_to_analysing_the_active_control_of_plane_waves_with_arrays_of_secondary_sources,NA,NA,NA,NA,J Sound Vib,0,
2018,A Novel Selective Active Noise Control Algorithm to Overcome Practical Implementation Issue,10.1109/ICASSP.2018.8461458,Proceedings Paper,"DY Shi, B Lam, WS Gan",,"2018 IEEE International Conference on Acoustics, Speech and Signal …",38,8615147981484414342,IWHjjKOFINEC,NA,NA,NA,NA,NA,NA,NA,https://www.researchgate.net/publication/327815031_A_Novel_Selective_Active_Noise_Control_Algorithm_to_Overcome_Practical_Implementation_Issue,NA,NA,NA,NA,ICASSP 2018 - 2018 IEEE Int Conf Acoust Speech Signal Process,0,"Calgary, Canada"
2018,Reliability of Wrist-Worn Sensors for Measuring Physiological Responses in Soundscape Assessments,NA,Proceedings Paper,"B Lam, JY Hong, ZT Ong, WS Gan",inter-noise and noise-con congress and conference proceedings,"258 (3), 4630-4639",5,3541024189864113012,_kc_bZDykSQC,NA,NA,NA,NA,NA,NA,https://www.ingentaconnect.com/content/ince/incecp/2018/00000258/00000003/art00065,https://www.researchgate.net/publication/329673107_Reliability_of_wrist-worn_sensors_for_measuring_physiological_responses_in_soundscape_assessments,NA,NA,NA,NA,"INTERNOISE NOISE-CON Congr  Conf Proceedings, InterNoise18",1,"Chicago, IL, USA"
2018,Hybrid Source Arrangement for Active Control of Noise Through Apertures At Oblique Incidences: A Preliminary Investigation,NA,Proceedings Paper,"B Lam, W Gan, D Shi, S Elliott",proc.,"25th Int. Congr. Sound Vib. ICSV25, Hiroshima, Japan, 1-8",2,6077919517475313639,aqlVkmm33-oC,NA,NA,NA,NA,NA,NA,NA,https://www.researchgate.net/publication/329610847_Hybrid_source_arrangement_for_active_control_of_noise_through_apertures_at_oblique_incidences_a_preliminary_investigation,NA,NA,NA,NA,"Proc 25th Int Congr Sound Vib, ICSV25",1,"Hiroshima, Japan"
2018,Selecting Birdsongs for Auditory Masking: A Clustering Approach Based on Psychoacoustic Parameters,NA,Proceedings Paper,"ZT Ong, B Lam, JY Hong, K Ooi, WS Gan",,"25th Int. Congr. Sound Vib. ICSV25, Hiroshima, Japan, 1-8",1,6491491997140910402,EUQCXRtRnyEC,NA,NA,NA,NA,NA,NA,https://dr.ntu.edu.sg/handle/10356/170483,NA,NA,NA,NA,NA,"Proc 25th Int Congr Sound Vib, ICSV25",0,"Hiroshima, Japan"
2017,Spatial Audio for Soundscape Design: Recording And Reproduction,10.3390/app7060627,Article,"JY Hong, J He, B Lam, R Gupta, WS Gan",applied sciences,"7 (6), 627",116,9336602174857950052,WF5omc3nYNoC,2.7,2.5,Multidiscip Eng,42/90,Gen Eng,73/302,NA,NA,NA,NA,NA,NA,Appl Sci-Basel,0,
2017,Understanding Multiple-Input Multiple-Output Active Noise Control From a Perspective of Sampling And Reconstruction,10.1109/APSIPA.2017.8282013,Proceedings Paper,"C Shi, H Li, D Shi, B Lam, WS Gan",asia-pacific signal and information processing association annual summit and …,,19,14326597256663743300,UebtZRa9Y70C,NA,NA,NA,NA,NA,NA,NA,https://www.researchgate.net/publication/323195520_Understanding_multiple-input_multiple-output_active_noise_control_from_a_perspective_of_sampling_and_reconstruction,NA,NA,NA,NA,2017 Asia-Pacific Signal Inf Process Assoc Annu Summit Conf (APSIPA ASC),0,"Kuala Lumpur, Malaysia"
2017,Active Noise Control Systems for Open Windows: Current Updates And Future Perspectives,NA,Proceedings Paper,"B Lam, C Shi, WS Gan",proceedings of the,"24th International Congress on Sound and Vibration, 1-7",23,7978457253435160400,YsMSGLbcyi4C,NA,NA,NA,NA,NA,NA,NA,https://www.researchgate.net/publication/318851167_Active_noise_control_systems_for_open_windows_Current_updates_and_future_perspectives,NA,NA,NA,NA,Proc 24th Int Congr Sound Vib,1,"London, UK"
2017,Suitability of Natural Sounds to Enhance Soundscape Quality in Urban Residential Areas,NA,Proceedings Paper,"JY Hong, B Lam, ZT Ong, R Gupta, WS Gan",,,21,16595743115877538580,0EnyYjriUFMC,NA,NA,NA,NA,NA,NA,https://hdl.handle.net/10356/83014,https://www.researchgate.net/publication/318850984_SUITABILITY_OF_NATURAL_SOUNDS_TO_ENHANCE_SOUNDSCAPE_QUALITY_IN_URBAN_RESIDENTIAL_AREAS,NA,NA,NA,NA,Proc 24th Int Congr Sound Vib,0,"London, UK"
2017,Controlling Incident Sound Fields with Source Arrays in Free Space And Through Apertures,NA,Proceedings Paper,"S Elliott, J Cheer, B Lam, C Shi, WS Gan",proceedings of the,"24th International Congress on Sound and Vibration, 1-7",11,6429190279712637460,W7OEmFMy1HYC,NA,NA,NA,NA,NA,NA,https://www.researchgate.net/publication/318851172_Controlling_incident_sound_fields_with_source_arrays_in_free_space_and_through_apertures,NA,NA,NA,NA,NA,Proc 24th Int Congr Sound Vib,0,"London, UK"
2017,Appropriate Levels of Natural Sounds to Enhance Soundscapes in Urban Areas,NA,Proceedings Paper,"JY Hong, B Lam, ZT Ong, R Gupta, WS Gan, SH Chong, J Feng",inter-noise and noise-con congress and conference proceedings,"255 (3), 4779-4783",9,13885433811233946033,Se3iqnhoufwC,NA,NA,NA,NA,NA,NA,https://www.ingentaconnect.com/content/ince/incecp/2017/00000255/00000003/art00091,NA,NA,NA,NA,NA,"INTERNOISE NOISE-CON Congr  Conf Proceedings, InterNoise17",0,"Hong Kong SAR, China"
2017,Effect of Masker Orientation on Masking Efficacy in Soundscape Applications,NA,Proceedings Paper,"ZT Ong, JY Hong, B Lam, R Gupta, WS Gan, SH Chong, J Feng, K Ooi",inter-noise and noise-con congress and conference proceedings,"255 (3), 4916-4922",9,2560106699051826098,IjCSPb-OGe4C,NA,NA,NA,NA,NA,NA,https://www.ingentaconnect.com/content/ince/incecp/2017/00000255/00000003/art00108,NA,NA,NA,NA,NA,"INTERNOISE NOISE-CON Congr  Conf Proceedings, InterNoise17",0,"Hong Kong SAR, China"
2017,3d Audio Ar/Vr Capture And Reproduction Setup for Auralization of Soundscapes,NA,Proceedings Paper,"R Gupta, B Lam, J Hong, ZT Ong, WS Gan, SH Chong, J Feng",proceedings of the,"24th Intl. Congress on Sound and Vibration, ICSV24",9,10377067205650961984,LkGwnXOMwfcC,NA,NA,NA,NA,NA,NA,https://www.researchgate.net/publication/318851185_3D_AUDIO_ARVR_CAPTURE_AND_REPRODUCTION_SETUP_FOR_AURALIZATION_OF_SOUNDSCAPES,NA,NA,NA,NA,NA,Proc 24th Int Congr Sound Vib,0,"London, UK"
2017,Validation of Binaural Recordings with Head Tracking for Use in Soundscape Evaluation,NA,Proceedings Paper,"K Ooi, JY Hong, B Lam, ZT Ong, WS Gan",inter-noise and noise-con congress and conference proceedings,"255 (3), 4651-4659",6,5154965715916541964,Tyk-4Ss8FVUC,NA,NA,NA,NA,NA,NA,https://www.ingentaconnect.com/contentone/ince/incecp/2017/00000255/00000003/art00076,https://www.researchgate.net/publication/319435678_Validation_of_binaural_recordings_with_head_tracking_for_use_in_soundscape_evaluation,NA,NA,NA,NA,"INTERNOISE NOISE-CON Congr  Conf Proceedings, InterNoise17",0,"Hong Kong SAR, China"
2017,Effects of Acoustic Scattering on The Active Control of Noise Through Apertures,NA,Proceedings Paper,"B Lam, WS Gan",comsol conference,2017 (Singapore),0,NA,qUcmZB5y_30C,NA,NA,NA,NA,NA,NA,https://www.comsol.com/paper/effects-of-acoustic-scattering-on-the-active-control-of-noise-through-apertures-60363,NA,NA,NA,NA,NA,COMSOL Conf ,1,Singapore
2016,Active Acoustic Windows: Towards a Quieter Home,10.1109/MPOT.2014.2310776,Article,"B Lam, WS Gan",ieee potentials,"35 (1), 11-18",46,10231101144680730171,MXK_kJrjxJIC,NA,2,,,Education,718/1469,NA,NA,NA,NA,NA,NA,IEEE Potentials,1,
2016,Selective Active Noise Control System for Open Windows Using Sound Classification,NA,Proceedings Paper,"R Ranjan, T Murao, B Lam, WS Gan",inter-noise and noise-con congress and conference proceedings,"253 (6), 1921-1931",33,17854253824951491777,5nxA0vEk-isC,NA,NA,NA,NA,NA,NA,https://www.ingentaconnect.com/content/ince/incecp/2016/00000253/00000006/art00007,NA,NA,NA,NA,NA,"INTERNOISE NOISE-CON Congr  Conf Proceedings, InterNoise16",0,"Hamburg, Germany"
2016,Open Loop Active Control of Noise Through Open Windows,10.1121/2.0000461,Proceedings Paper,"C Shi, T Murao, D Shi, B Lam, WS Gan",proceedings of meetings on acoustics,29 (1),24,16433170879066964173,hqOjcs7Dif8C,NA,NA,NA,NA,NA,NA,NA,https://www.researchgate.net/publication/310759126_Open_loop_active_control_of_noise_through_open_windows,NA,NA,NA,NA,J Acoust Soc Am,0,"Honolulu, Hawaii, USA"
2016,Feasibility Study on Decentralized Control System for Active Acoustic Shielding,NA,Proceedings Paper,"T Murao, J He, B Lam, R Ranjan, C Shi, WS Gan",inter-noise and noise-con congress and conference proceedings,"253 (7), 1106-1115",20,3744210257448057444,zYLM7Y9cAGgC,NA,NA,NA,NA,NA,NA,https://www.ingentaconnect.com/content/ince/incecp/2016/00000253/00000007/art00026,https://www.researchgate.net/publication/307607378_Feasibility_study_on_decentralized_control_system_for_active_acoustic_shielding,NA,NA,NA,NA,"INTERNOISE NOISE-CON Congr  Conf Proceedings, InterNoise16",0,"Hamburg, Germany"
2016,Feasibility of The Full-Rank Fixed-Filter Approach in The Active Control of Noise Through Open Windows,NA,Proceedings Paper,"B Lam, M Tatsuya, C Shi, WS Gan, S Elliott",inter-noise and noise-con congress and conference proceedings,"253 (5), 3548-3555",14,7073558997406621774,8k81kl-MbHgC,NA,NA,NA,NA,NA,NA,https://www.ingentaconnect.com/content/ince/incecp/2016/00000253/00000005/art00080,NA,NA,NA,NA,NA,"INTERNOISE NOISE-CON Congr  Conf Proceedings, InterNoise16",1,"Hamburg, Germany"
2016,Symmetric Design of Multiple-Channel Active Noise Control Systems for Open Windows,NA,Proceedings Paper,"J He, T Murao, R Ranjan, WS Gan",inter-noise and noise-con congress and conference proceedings,"253 (8), 613-622",4,17288951489365110633,9ZlFYXVOiuMC,NA,NA,NA,NA,NA,NA,https://www.ingentaconnect.com/content/ince/incecp/2016/00000253/00000008/art00069,https://www.researchgate.net/publication/306379461_Symmetric_Design_of_Multiple-Channel_Active_Noise_Control_Systems_for_Open_Windows,NA,NA,NA,NA,"INTERNOISE NOISE-CON Congr  Conf Proceedings, InterNoise16",0,"Hamburg, Germany"
2015,The Physical Limits of Active Noise Control of Open Windows,NA,Proceedings Paper,"B Lam, S Elliott, J Cheer, W Gan",,"12th Western Pacific Acoustics Conference, 184-189",15,8952883253472932961,eQOLeE2rZwMC,NA,NA,NA,NA,NA,NA,NA,https://www.researchgate.net/publication/286448252_The_Physical_Limits_of_Active_Noise_Control_of_Open_Windows,NA,NA,NA,NA,Proc 12th West Pacific Acoust Conf,1,Singapore
2015,Comparative Study of Cone-Shaped Versus Flat-Panel Speakers for Active Noise Control of Multi-Tonal Signals in Open Windows,NA,Proceedings Paper,"S Fasciani, J He, B Lam, T Murao, WS Gan",inter-noise and noise-con congress and conference proceedings,"250 (6), 1109-1120",6,9479972995340186635,dhFuZR0502QC,NA,NA,NA,NA,NA,NA,https://www.ingentaconnect.com/content/ince/incecp/2015/00000250/00000006/art00069,NA,NA,NA,NA,NA,"INTERNOISE NOISE-CON Congr  Conf Proceedings, InterNoise15",0,"San Francisco, CA, USA"
2015,Regularisation of The Equivalent Source Method for Robust Numerical Modelling of Acoustic Scattering,NA,Proceedings Paper,"B Lam, SJ Elliott, WS Gan","inter-noise and noise-con congress and conference proceedings, internoise",e15 …,5,11473819409522670759,roLk4NBRz8UC,NA,NA,NA,NA,NA,NA,https://www.ingentaconnect.com/content/ince/incecp/2015/00000250/00000006/art00056,NA,NA,NA,NA,NA,"INTERNOISE NOISE-CON Congr  Conf Proceedings, InterNoise15",1,"San Francisco, CA, USA"
2014,Feasibility of A Length-Limited Parametric Source for Active Noise Control Applications,NA,Proceedings Paper,"B Lam, WS Gan, C Shi",int. congress on sound and vibration,,16,5521593252915703609,Y0pCki6q_DkC,NA,NA,NA,NA,NA,NA,NA,https://www.researchgate.net/publication/309045737_Feasibility_of_a_length-limited_parametric_source_for_active_noise_control_applications,NA,NA,NA,NA,Proc 21st Int Congr Sound Vib,1,"Beijing, China"